order_date,customer_id,product_name,quantity,unit_price,total_amount
2022-01-01,75,Product_5,9,18.895784095308993,170.06205685778093
2022-01-02,76,Product_16,5,27.760366368995474,138.80183184497736
2022-01-03,57,Product_11,8,74.41042834145783,595.2834267316626
2022-01-04,42,Product_4,4,77.04064109673368,308.1625643869347
2022-01-05,79,Product_17,5,67.47209768839993,337.3604884419996
2022-01-06,5,Product_16,8,43.06654897584451,344.5323918067561
2022-01-07,91,Product_4,4,43.14515567644874,172.58062270579495
2022-01-08,28,Product_8,3,33.57787878166048,100.73363634498145
2022-01-09,58,Product_14,7,19.39686956443401,135.77808695103806
2022-01-10,48,Product_16,5,27.45850437060634,137.2925218530317
2022-01-11,98,Product_4,8,87.29796430088727,698.3837144070982
2022-01-12,73,Product_9,7,47.94355915582152,335.60491409075064
2022-01-13,17,Product_18,1,23.740133625826054,23.740133625826054
2022-01-14,96,Product_11,1,91.86733033931571,91.86733033931571
2022-01-15,3,Product_2,6,72.54365267711265,435.2619160626759
2022-01-16,85,Product_14,6,50.30948919183032,301.85693515098194
2022-01-17,37,Product_6,5,55.46973209803691,277.34866049018456
2022-01-18,17,Product_1,5,65.96852792420898,329.8426396210449
2022-01-19,81,Product_9,6,58.97217733101056,353.8330639860634
2022-01-20,69,Product_12,3,38.67648082836272,116.02944248508817
2022-01-21,10,Product_12,8,10.887719044800122,87.10175235840097
2022-01-22,36,Product_7,2,23.295333004203677,46.590666008407354
2022-01-23,70,Product_12,1,21.14784280883745,21.14784280883745
2022-01-24,90,Product_2,4,97.88808305202635,391.5523322081054
2022-01-25,96,Product_14,7,74.25473761584306,519.7831633109014
2022-01-26,43,Product_10,4,52.114634948559384,208.45853979423754
2022-01-27,4,Product_9,5,31.6096009417469,158.0480047087345
2022-01-28,66,Product_4,3,9.568413838797358,28.705241516392075
2022-01-29,25,Product_4,9,99.58330578805882,896.2497520925294
2022-01-30,92,Product_7,1,59.72474490016888,59.72474490016888
2022-01-31,69,Product_17,1,50.998626528234105,50.998626528234105
2022-02-01,100,Product_9,5,55.36955052689647,276.84775263448233
2022-02-02,4,Product_3,9,55.2396619773443,497.1569577960987
2022-02-03,7,Product_18,1,15.8096808782798,15.8096808782798
2022-02-04,82,Product_15,5,37.2965607982185,186.4828039910925
2022-02-05,30,Product_20,3,18.90650245256959,56.71950735770877
2022-02-06,67,Product_18,7,14.62443257566573,102.37102802966011
2022-02-07,16,Product_17,6,42.655565432994486,255.93339259796693
2022-02-08,80,Product_14,3,11.145548618461607,33.436645855384825
2022-02-09,36,Product_20,4,21.31598666691667,85.26394666766669
2022-02-10,85,Product_4,2,34.212690874074625,68.42538174814925
2022-02-11,60,Product_17,9,51.03661726489984,459.32955538409857
2022-02-12,40,Product_1,5,83.93826750080476,419.69133750402375
2022-02-13,10,Product_2,6,25.84079811303405,155.0447886782043
2022-02-14,99,Product_3,8,85.28320277525962,682.265622202077
2022-02-15,89,Product_3,6,79.28583160841409,475.71498965048454
2022-02-16,11,Product_7,9,83.32586621429867,749.932795928688
2022-02-17,49,Product_9,1,60.65490339005456,60.65490339005456
2022-02-18,25,Product_12,6,68.691763814987,412.150582889922
2022-02-19,3,Product_14,6,50.56289995747285,303.37739974483713
2022-02-20,20,Product_13,6,7.55468476315548,45.328108578932884
2022-02-21,61,Product_4,3,54.306036428674176,162.9181092860225
2022-02-22,76,Product_16,8,74.56638658241101,596.5310926592881
2022-02-23,45,Product_15,2,35.22060522882462,70.44121045764923
2022-02-24,10,Product_1,3,78.49644349440557,235.4893304832167
2022-02-25,21,Product_14,7,60.562651763716445,423.93856234601515
2022-02-26,61,Product_6,1,72.30050895311291,72.30050895311291
2022-02-27,75,Product_1,1,37.51987894591981,37.51987894591981
2022-02-28,48,Product_20,7,50.793491673037835,355.5544417112649
2022-03-01,35,Product_16,5,7.260436240817821,36.30218120408911
2022-03-02,75,Product_11,1,58.865940804823644,58.865940804823644
2022-03-03,64,Product_17,9,49.73482566026551,447.6134309423896
2022-03-04,52,Product_2,2,56.05848147744343,112.11696295488686
2022-03-05,62,Product_16,9,60.280368864905775,542.523319784152
2022-03-06,30,Product_2,8,81.31823189208778,650.5458551367022
2022-03-07,67,Product_3,7,90.0072970863593,630.051079604515
2022-03-08,55,Product_14,2,43.328361109300566,86.65672221860113
2022-03-09,7,Product_20,8,61.25550593750536,490.0440475000429
2022-03-10,78,Product_6,4,54.42379125770502,217.69516503082008
2022-03-11,77,Product_10,6,81.63003333859872,489.78020003159236
2022-03-12,36,Product_19,3,7.79589051455063,23.38767154365189
2022-03-13,84,Product_16,8,11.335318992015438,90.6825519361235
2022-03-14,17,Product_9,6,51.321960461275545,307.93176276765325
2022-03-15,41,Product_11,1,87.16742197155651,87.16742197155651
2022-03-16,65,Product_8,7,97.9861136696911,685.9027956878376
2022-03-17,72,Product_9,7,14.073855326883038,98.51698728818127
2022-03-18,94,Product_2,6,74.50810215189772,447.0486129113863
2022-03-19,46,Product_16,2,77.6485662955254,155.2971325910508
2022-03-20,18,Product_2,8,11.970617413637045,95.76493930909636
2022-03-21,97,Product_5,5,83.25538138061228,416.2769069030614
2022-03-22,44,Product_6,2,31.950879201112013,63.901758402224026
2022-03-23,35,Product_11,9,92.82692672586826,835.4423405328143
2022-03-24,16,Product_14,3,15.93085177555032,47.792555326650955
2022-03-25,12,Product_2,6,26.45699466074145,158.7419679644487
2022-03-26,59,Product_5,6,88.2490968101164,529.4945808606984
2022-03-27,5,Product_13,5,67.52776716162481,337.63883580812404
2022-03-28,73,Product_3,2,23.35972059948087,46.71944119896174
2022-03-29,13,Product_18,9,90.00549114724899,810.0494203252409
2022-03-30,92,Product_7,1,45.72516669655189,45.72516669655189
2022-03-31,22,Product_2,9,94.86097722306044,853.748795007544
2022-04-01,26,Product_2,2,40.125675353287264,80.25135070657453
2022-04-02,73,Product_6,5,5.3708518268509335,26.85425913425467
2022-04-03,47,Product_13,4,36.78761465379458,147.1504586151783
2022-04-04,49,Product_17,7,29.979475653326272,209.85632957328392
2022-04-05,85,Product_10,1,57.57783148375992,57.57783148375992
2022-04-06,45,Product_9,6,72.97098095046888,437.8258857028133
2022-04-07,22,Product_17,6,11.204344430880457,67.22606658528275
2022-04-08,13,Product_20,5,48.33101149925792,241.6550574962896
2022-04-09,83,Product_1,4,20.094472830833997,80.37789132333599
2022-04-10,5,Product_19,1,80.90072308062385,80.90072308062385
2022-04-11,46,Product_9,2,73.0720692583652,146.1441385167304
2022-04-12,55,Product_14,5,92.09755288465902,460.4877644232951
2022-04-13,26,Product_10,8,62.45872886192372,499.66983089538974
2022-04-14,78,Product_13,8,62.56426263868168,500.51410110945346
2022-04-15,28,Product_11,5,69.5236125465734,347.61806273286703
2022-04-16,70,Product_14,6,94.13733178804232,564.8239907282539
2022-04-17,25,Product_14,5,84.15844350250336,420.7922175125168
2022-04-18,33,Product_18,4,98.38931869256332,393.5572747702533
2022-04-19,11,Product_2,3,34.56565236813594,103.69695710440783
2022-04-20,76,Product_20,2,12.967161966720678,25.934323933441355
2022-04-21,85,Product_15,2,58.34472052584506,116.68944105169012
2022-04-22,14,Product_9,2,36.041373511662016,72.08274702332403
2022-04-23,38,Product_12,9,80.31050570400646,722.7945513360581
2022-04-24,39,Product_7,4,73.22939717099824,292.91758868399296
2022-04-25,84,Product_5,2,24.63332392288982,49.26664784577964
2022-04-26,8,Product_18,9,94.40906612688055,849.681595141925
2022-04-27,53,Product_2,1,80.23205026923311,80.23205026923311
2022-04-28,36,Product_18,7,41.54361956108441,290.8053369275909
2022-04-29,80,Product_11,9,9.552257483911982,85.97031735520784
2022-04-30,14,Product_6,4,8.531700787871674,34.1268031514867
2022-05-01,44,Product_10,5,27.047687427922973,135.23843713961486
2022-05-02,28,Product_15,4,90.64536145917519,362.58144583670077
2022-05-03,36,Product_12,5,75.76042184916437,378.80210924582184
2022-05-04,47,Product_13,8,18.521722973506847,148.17378378805478
2022-05-05,68,Product_3,9,33.35492391647263,300.19431524825364
2022-05-06,40,Product_1,2,95.80218682989295,191.6043736597859
2022-05-07,50,Product_4,7,36.306518430564225,254.1456290139496
2022-05-08,87,Product_8,2,50.28088463986425,100.5617692797285
2022-05-09,13,Product_15,3,86.61154270243317,259.8346281072995
2022-05-10,41,Product_20,6,84.41697135502505,506.50182813015033
2022-05-11,48,Product_5,8,25.445048874013278,203.56039099210622
2022-05-12,30,Product_12,4,43.05493898492958,172.2197559397183
2022-05-13,36,Product_10,7,11.247482147194802,78.73237503036361
2022-05-14,26,Product_7,4,40.751640979793045,163.00656391917218
2022-05-15,39,Product_2,4,56.51146524919435,226.0458609967774
2022-05-16,34,Product_17,4,35.67906039273022,142.7162415709209
2022-05-17,88,Product_19,8,74.14302999033254,593.1442399226603
2022-05-18,27,Product_5,7,69.5040905332202,486.5286337325414
2022-05-19,85,Product_4,9,24.8239064350074,223.41515791506663
2022-05-20,10,Product_8,9,80.55461453136348,724.9915307822714
2022-05-21,29,Product_9,1,41.26324816557258,41.26324816557258
2022-05-22,19,Product_18,6,45.62059071366467,273.723544281988
2022-05-23,56,Product_1,2,84.01855931753457,168.03711863506913
2022-05-24,3,Product_8,3,58.4147335448187,175.2442006344561
2022-05-25,9,Product_10,6,49.53666062912395,297.2199637747437
2022-05-26,23,Product_17,6,79.71355625218209,478.2813375130925
2022-05-27,50,Product_10,9,13.389645934558736,120.50681341102862
2022-05-28,48,Product_4,9,94.95047325139551,854.5542592625595
2022-05-29,44,Product_13,8,89.60786568171751,716.8629254537401
2022-05-30,90,Product_2,2,61.59536458316,123.19072916632
2022-05-31,43,Product_17,3,45.31403945855677,135.9421183756703
2022-06-01,50,Product_9,9,42.10904255760724,378.9813830184652
2022-06-02,67,Product_10,2,64.17627082489867,128.35254164979733
2022-06-03,42,Product_11,8,38.24613973199579,305.9691178559663
2022-06-04,73,Product_1,5,94.00620031453357,470.03100157266783
2022-06-05,1,Product_3,4,9.594035465312729,38.376141861250915
2022-06-06,15,Product_11,5,62.91272244630841,314.56361223154204
2022-06-07,83,Product_3,1,30.11781624019082,30.11781624019082
2022-06-08,74,Product_19,6,54.34319423168582,326.0591653901149
2022-06-09,39,Product_20,8,77.84318286024282,622.7454628819426
2022-06-10,13,Product_15,9,80.83744775763299,727.5370298186969
2022-06-11,78,Product_12,4,35.633908026780276,142.5356321071211
2022-06-12,70,Product_20,2,35.58846851168792,71.17693702337584
2022-06-13,19,Product_11,8,34.07166651199202,272.57333209593617
2022-06-14,66,Product_5,8,96.53838134459262,772.307050756741
2022-06-15,28,Product_20,2,35.33339874216958,70.66679748433916
2022-06-16,76,Product_10,9,46.1957454364817,415.76170892833534
2022-06-17,61,Product_11,3,20.740466673290097,62.22140001987029
2022-06-18,90,Product_14,6,50.77955087404455,304.6773052442673
2022-06-19,70,Product_11,3,48.57066458192239,145.71199374576716
2022-06-20,75,Product_9,7,99.64821519176877,697.5375063423814
2022-06-21,20,Product_18,6,44.25313250678081,265.51879504068484
2022-06-22,87,Product_7,2,24.850648303776318,49.701296607552635
2022-06-23,96,Product_9,9,30.84694097533458,277.62246877801124
2022-06-24,8,Product_10,2,54.8690077824784,109.7380155649568
2022-06-25,12,Product_5,4,31.32369507774682,125.29478031098728
2022-06-26,97,Product_8,3,51.00334875701137,153.01004627103413
2022-06-27,59,Product_17,9,13.998524156339764,125.98671740705788
2022-06-28,89,Product_10,1,6.277654868827471,6.277654868827471
2022-06-29,38,Product_6,5,54.23277082617638,271.1638541308819
2022-06-30,32,Product_9,6,65.438690253928,392.632141523568
2022-07-01,89,Product_3,7,18.72499351438508,131.07495460069555
2022-07-02,45,Product_11,7,6.538104556260713,45.76673189382499
2022-07-03,47,Product_8,6,60.23033082659669,361.38198495958017
2022-07-04,50,Product_10,2,64.27827340972507,128.55654681945015
2022-07-05,63,Product_14,3,81.16038671651083,243.48116014953249
2022-07-06,88,Product_16,9,21.8086052743138,196.2774474688242
2022-07-07,42,Product_10,3,36.080952485035155,108.24285745510547
2022-07-08,41,Product_17,7,28.051454220285358,196.3601795419975
2022-07-09,86,Product_19,4,22.040145236133746,88.16058094453498
2022-07-10,6,Product_8,4,81.08180635967668,324.3272254387067
2022-07-11,28,Product_6,8,61.68032711314438,493.44261690515503
2022-07-12,28,Product_5,6,5.419297308784689,32.51578385270813
2022-07-13,43,Product_10,4,64.48988087300957,257.9595234920383
2022-07-14,46,Product_18,8,73.2583345570821,586.0666764566568
2022-07-15,11,Product_3,1,13.311396191944047,13.311396191944047
2022-07-16,35,Product_14,5,34.942735049038596,174.71367524519297
2022-07-17,97,Product_5,9,9.970162124135928,89.73145911722335
2022-07-18,10,Product_13,4,93.38941800655526,373.55767202622104
2022-07-19,48,Product_5,2,55.407482885854556,110.81496577170911
2022-07-20,44,Product_15,6,21.849959012116756,131.09975407270053
2022-07-21,75,Product_15,7,18.932582820473105,132.52807974331174
2022-07-22,9,Product_2,1,18.87934381591061,18.87934381591061
2022-07-23,59,Product_18,4,71.27333175717725,285.093327028709
2022-07-24,34,Product_8,4,29.09241880689832,116.36967522759328
2022-07-25,30,Product_20,7,6.503843702593385,45.526905918153695
2022-07-26,10,Product_16,2,12.793298720811649,25.586597441623297
2022-07-27,17,Product_9,6,88.5952848589743,531.5717091538457
2022-07-28,90,Product_3,7,54.73662726198501,383.15639083389505
2022-07-29,65,Product_1,4,33.04075433692162,132.1630173476865
2022-07-30,15,Product_6,2,63.00459443790866,126.00918887581732
2022-07-31,67,Product_15,5,70.9091253808946,354.54562690447295
2022-08-01,10,Product_11,7,88.33558686889046,618.3491080822332
2022-08-02,21,Product_8,1,50.38331201376277,50.38331201376277
2022-08-03,29,Product_5,8,38.94977010685711,311.59816085485687
2022-08-04,78,Product_6,7,44.25803146923012,309.80622028461084
2022-08-05,37,Product_11,9,50.27387604349484,452.46488439145355
2022-08-06,85,Product_16,6,22.337658453339074,134.02595072003444
2022-08-07,8,Product_19,4,64.50350496074262,258.01401984297047
2022-08-08,63,Product_9,2,49.43647274706644,98.87294549413288
2022-08-09,60,Product_14,4,61.59265655496735,246.3706262198694
2022-08-10,31,Product_4,1,19.000397803821386,19.000397803821386
2022-08-11,25,Product_5,7,10.517992165592426,73.62594515914698
2022-08-12,17,Product_3,6,99.46807858876434,596.808471532586
2022-08-13,62,Product_9,2,77.17769041132357,154.35538082264713
2022-08-14,59,Product_2,6,17.4790955304671,104.87457318280259
2022-08-15,72,Product_18,9,72.85880112071271,655.7292100864145
2022-08-16,76,Product_4,4,17.91555984067751,71.66223936271004
2022-08-17,72,Product_5,7,14.12914469161516,98.90401284130613
2022-08-18,13,Product_19,9,79.38094724895953,714.4285252406357
2022-08-19,57,Product_8,4,96.39627347808447,385.58509391233787
2022-08-20,34,Product_16,4,82.7832046973276,331.1328187893104
2022-08-21,43,Product_10,7,20.57514479422808,144.02601355959655
2022-08-22,74,Product_8,6,73.48970223638074,440.9382134182844
2022-08-23,74,Product_17,3,77.27741277680279,231.83223833040836
2022-08-24,14,Product_18,6,63.44653359570785,380.6792015742471
2022-08-25,11,Product_3,5,47.177618788372186,235.88809394186092
2022-08-26,44,Product_20,4,86.88335002104445,347.5334000841778
2022-08-27,56,Product_10,4,56.983427190505076,227.9337087620203
2022-08-28,10,Product_5,8,88.00894739615669,704.0715791692535
2022-08-29,3,Product_4,2,37.860636406876,75.721272813752
2022-08-30,55,Product_5,8,29.996991768659388,239.9759341492751
2022-08-31,1,Product_2,2,33.82005146932161,67.64010293864322
2022-09-01,25,Product_6,6,25.58098086037346,153.48588516224078
2022-09-02,97,Product_18,9,21.385797472657842,192.47217725392056
2022-09-03,77,Product_20,5,60.732616058702575,303.66308029351285
2022-09-04,75,Product_14,1,64.13227036347939,64.13227036347939
2022-09-05,62,Product_19,8,71.42786950505207,571.4229560404166
2022-09-06,3,Product_19,5,45.90467081531574,229.5233540765787
2022-09-07,69,Product_5,1,23.68474710148277,23.68474710148277
2022-09-08,90,Product_20,2,78.62214098199998,157.24428196399995
2022-09-09,2,Product_15,8,7.045901014446789,56.367208115574314
2022-09-10,76,Product_4,5,95.72233716335842,478.6116858167921
2022-09-11,28,Product_15,6,46.12694649039761,276.76167894238563
2022-09-12,93,Product_13,8,32.54396488461441,260.3517190769153
2022-09-13,48,Product_13,8,6.640883949419408,53.12707159535526
2022-09-14,29,Product_11,6,22.844337111360772,137.06602266816463
2022-09-15,90,Product_7,8,75.92088716896063,607.3670973516851
2022-09-16,89,Product_17,1,11.660324219034308,11.660324219034308
2022-09-17,84,Product_6,4,6.872759786182865,27.49103914473146
2022-09-18,67,Product_6,8,21.829035686619804,174.63228549295843
2022-09-19,20,Product_19,6,69.64107085544224,417.8464251326534
2022-09-20,2,Product_11,7,57.26210978856517,400.8347685199562
2022-09-21,73,Product_6,4,13.67804153884259,54.71216615537036
2022-09-22,91,Product_6,2,9.199647358961347,18.399294717922693
2022-09-23,29,Product_17,8,41.69663940716886,333.5731152573509
2022-09-24,79,Product_14,5,78.183330601618,390.91665300808995
2022-09-25,82,Product_4,9,96.00500172714554,864.0450155443099
2022-09-26,13,Product_14,5,49.404973052436425,247.02486526218212
2022-09-27,23,Product_2,5,24.840156537325917,124.2007826866296
2022-09-28,1,Product_7,8,40.74519577773774,325.96156622190193
2022-09-29,45,Product_8,1,15.404551995716055,15.404551995716055
2022-09-30,61,Product_8,7,9.651055140457979,67.55738598320585
2022-10-01,66,Product_20,4,5.284775153878889,21.139100615515556
2022-10-02,34,Product_5,7,37.580362370696825,263.06253659487777
2022-10-03,75,Product_19,4,58.72538077718444,234.90152310873776
2022-10-04,43,Product_2,8,79.34349569093207,634.7479655274566
2022-10-05,75,Product_7,4,33.085799063400316,132.34319625360126
2022-10-06,17,Product_14,3,23.462919832332837,70.38875949699852
2022-10-07,66,Product_4,9,68.47001576181594,616.2301418563435
2022-10-08,19,Product_20,4,10.975252380465125,43.9010095218605
2022-10-09,44,Product_5,1,70.26948860114321,70.26948860114321
2022-10-10,83,Product_14,2,53.98630736047877,107.97261472095754
2022-10-11,27,Product_15,6,93.26734008316518,559.604040498991
2022-10-12,6,Product_17,7,69.00208709733623,483.0146096813536
2022-10-13,12,Product_3,9,94.41835629485516,849.7652066536964
2022-10-14,49,Product_16,4,81.72809053282388,326.91236213129554
2022-10-15,23,Product_4,6,37.727569022174364,226.3654141330462
2022-10-16,41,Product_5,3,41.663702977359364,124.99110893207809
2022-10-17,26,Product_6,9,73.96893454457316,665.7204109011584
2022-10-18,75,Product_3,5,40.95856093883376,204.7928046941688
2022-10-19,84,Product_18,7,51.10678446544564,357.7474912581195
2022-10-20,67,Product_7,6,57.60047572075978,345.6028543245587
2022-10-21,56,Product_2,7,65.77992383978625,460.45946687850375
2022-10-22,41,Product_13,8,43.789145551036704,350.31316440829363
2022-10-23,18,Product_17,8,18.840073881679146,150.72059105343317
2022-10-24,3,Product_6,6,14.321615998719752,85.92969599231851
2022-10-25,32,Product_5,5,40.939570782846516,204.69785391423258
2022-10-26,25,Product_16,3,17.51378999063226,52.541369971896785
2022-10-27,8,Product_9,4,60.390868908084876,241.5634756323395
2022-10-28,6,Product_12,8,89.26244552548906,714.0995642039125
2022-10-29,44,Product_2,6,53.81251674489554,322.87510046937325
2022-10-30,18,Product_7,9,83.96053538370707,755.6448184533637
2022-10-31,95,Product_17,6,65.70040717440772,394.2024430464463
2022-11-01,26,Product_6,6,71.36832541731012,428.2099525038607
2022-11-02,71,Product_13,9,74.32196142590944,668.8976528331849
2022-11-03,61,Product_8,7,37.3298365337135,261.3088557359945
2022-11-04,15,Product_8,1,92.23844877577903,92.23844877577903
2022-11-05,94,Product_9,9,14.949597273017131,134.54637545715417
2022-11-06,69,Product_16,2,61.19445571555862,122.38891143111724
2022-11-07,91,Product_9,5,30.657877971628384,153.28938985814193
2022-11-08,39,Product_18,4,87.98308287358192,351.9323314943277
2022-11-09,86,Product_2,5,95.7916840962515,478.9584204812575
2022-11-10,12,Product_4,1,39.90109657370923,39.90109657370923
2022-11-11,36,Product_5,3,61.52351923914216,184.57055771742648
2022-11-12,52,Product_8,3,91.8901466358738,275.6704399076214
2022-11-13,41,Product_8,4,20.409072399719136,81.63628959887654
2022-11-14,56,Product_17,4,80.40915214220388,321.6366085688155
2022-11-15,12,Product_19,7,55.155428018631206,386.08799613041845
2022-11-16,21,Product_20,8,74.89427731809806,599.1542185447845
2022-11-17,20,Product_11,8,70.72559648644989,565.8047718915991
2022-11-18,22,Product_17,8,35.93730921864116,287.4984737491293
2022-11-19,38,Product_7,2,48.03804803608164,96.07609607216328
2022-11-20,26,Product_12,8,14.377129165729338,115.0170333258347
2022-11-21,10,Product_19,4,28.04627635022874,112.18510540091496
2022-11-22,52,Product_16,3,72.67950722395467,218.03852167186403
2022-11-23,30,Product_11,1,9.860697528414953,9.860697528414953
2022-11-24,9,Product_19,3,94.71014954720273,284.1304486416082
2022-11-25,74,Product_1,8,26.893189062076882,215.14551249661505
2022-11-26,23,Product_3,8,5.1150292620461855,40.920234096369484
2022-11-27,31,Product_5,5,13.407002371768847,67.03501185884423
2022-11-28,35,Product_15,9,40.29844971375424,362.6860474237881
2022-11-29,58,Product_11,1,62.184001979088706,62.184001979088706
2022-11-30,34,Product_13,3,40.43552452010742,121.30657356032226
2022-12-01,32,Product_13,6,8.945258534623136,53.671551207738815
2022-12-02,24,Product_17,5,92.19199159522802,460.9599579761401
2022-12-03,38,Product_1,6,60.796011443741186,364.77606866244713
2022-12-04,90,Product_12,5,36.88103997589366,184.40519987946828
2022-12-05,82,Product_10,5,92.1252007563937,460.6260037819685
2022-12-06,11,Product_13,8,75.7268781997101,605.8150255976808
2022-12-07,3,Product_12,5,35.3402172945361,176.70108647268052
2022-12-08,54,Product_19,3,34.4620460192617,103.3861380577851
2022-12-09,37,Product_7,3,53.88961500359169,161.66884501077507
2022-12-10,33,Product_20,3,36.770236928632215,110.31071078589665
2022-12-11,38,Product_13,2,96.71155826330639,193.42311652661277
2022-12-12,84,Product_20,7,65.31171062787604,457.1819743951323
2022-12-13,80,Product_20,4,5.754204401180417,23.01681760472167
2022-12-14,77,Product_15,1,10.543884697475411,10.543884697475411
2022-12-15,64,Product_7,1,84.29476527566781,84.29476527566781
2022-12-16,95,Product_20,1,24.927457195401974,24.927457195401974
2022-12-17,8,Product_13,4,7.955193780644449,31.820775122577796
2022-12-18,89,Product_9,1,54.395580575214446,54.395580575214446
2022-12-19,2,Product_11,8,76.55911547222335,612.4729237777868
2022-12-20,2,Product_1,5,42.49651379163486,212.4825689581743
2022-12-21,76,Product_9,8,27.31260958692747,218.50087669541975
2022-12-22,31,Product_12,7,86.43681568605206,605.0577098023643
2022-12-23,16,Product_14,8,27.764928580804913,222.1194286464393
2022-12-24,63,Product_6,9,59.351898966573344,534.1670906991601
2022-12-25,71,Product_19,8,66.44550973994023,531.5640779195219
2022-12-26,100,Product_1,1,96.47558346233778,96.47558346233778
2022-12-27,100,Product_9,5,89.80636339147786,449.0318169573893
2022-12-28,15,Product_11,8,54.19722298297165,433.5777838637732
2022-12-29,27,Product_6,5,14.617611400229054,73.08805700114527
2022-12-30,18,Product_20,8,97.41411054625672,779.3128843700538
2022-12-31,4,Product_4,1,70.15174092668038,70.15174092668038
2023-01-01,90,Product_10,7,6.348264933724717,44.43785453607302
2023-01-02,27,Product_2,1,17.193380083235077,17.193380083235077
2023-01-03,93,Product_9,5,57.97723260707988,289.88616303539936
2023-01-04,18,Product_14,3,82.04979199132214,246.14937597396641
2023-01-05,66,Product_11,8,61.292122428165115,490.3369794253209
2023-01-06,57,Product_3,7,11.128251966164918,77.89776376315442
2023-01-07,32,Product_17,4,14.734880747031829,58.939522988127315
2023-01-08,61,Product_19,8,11.684182135857668,93.47345708686134
2023-01-09,77,Product_7,7,90.86358042480929,636.045062973665
2023-01-10,91,Product_18,2,91.41768681961756,182.83537363923512
2023-01-11,66,Product_15,9,34.09607787059494,306.8647008353545
2023-01-12,79,Product_8,1,96.32631622211782,96.32631622211782
2023-01-13,69,Product_5,1,7.350982967380646,7.350982967380646
2023-01-14,95,Product_17,9,49.97154422208497,449.74389799876474
2023-01-15,85,Product_9,1,5.115561884650604,5.115561884650604
2023-01-16,24,Product_12,6,13.631169944822554,81.78701966893533
2023-01-17,46,Product_14,8,23.745726740771918,189.96581392617534
2023-01-18,66,Product_1,2,94.02816373615146,188.0563274723029
2023-01-19,48,Product_6,7,31.55593567291858,220.89154971043007
2023-01-20,58,Product_15,7,50.36642075548469,352.56494528839283
2023-01-21,91,Product_20,5,55.68253633926915,278.41268169634577
2023-01-22,87,Product_3,4,74.95923090610721,299.83692362442883
2023-01-23,60,Product_10,6,65.30717284257159,391.84303705542953
2023-01-24,48,Product_9,5,23.8130564851502,119.065282425751
2023-01-25,92,Product_11,2,66.14721700825217,132.29443401650434
2023-01-26,41,Product_4,7,18.833677648030115,131.8357435362108
2023-01-27,24,Product_8,3,24.0186716197536,72.0560148592608
2023-01-28,83,Product_17,8,71.08397532445254,568.6718025956203
2023-01-29,93,Product_4,9,93.07860747156641,837.7074672440978
2023-01-30,42,Product_12,9,56.9203114026877,512.2828026241893
2023-01-31,46,Product_9,9,30.899684717651233,278.0971624588611
2023-02-01,79,Product_20,6,69.22944044371336,415.3766426622801
2023-02-02,54,Product_11,8,49.7257857244055,397.806285795244
2023-02-03,54,Product_13,4,87.18393955319952,348.7357582127981
2023-02-04,84,Product_9,3,94.50415795875827,283.51247387627484
2023-02-05,53,Product_14,3,6.660304181219368,19.980912543658107
2023-02-06,94,Product_11,5,26.510562180145882,132.5528109007294
2023-02-07,60,Product_4,1,76.95543106003498,76.95543106003498
2023-02-08,55,Product_16,6,83.54768002695822,501.2860801617493
2023-02-09,98,Product_8,7,39.08186326950065,273.57304288650454
2023-02-10,86,Product_1,6,37.25839813218479,223.5503887931087
2023-02-11,37,Product_11,9,24.77968599668968,223.01717397020712
2023-02-12,95,Product_18,6,37.22245847756319,223.33475086537914
2023-02-13,13,Product_11,2,75.18049787283496,150.36099574566992
2023-02-14,93,Product_4,8,26.696967725274927,213.57574180219942
2023-02-15,70,Product_5,8,49.763695359812914,398.1095628785033
2023-02-16,66,Product_2,3,79.39603479331083,238.1881043799325
2023-02-17,28,Product_11,7,15.90228131988709,111.31596923920962
2023-02-18,92,Product_8,9,61.03505280559026,549.3154752503124
2023-02-19,81,Product_4,3,33.152268490663985,99.45680547199196
2023-02-20,39,Product_18,5,32.67084027017889,163.35420135089447
2023-02-21,97,Product_10,7,67.66316017935338,473.6421212554737
2023-02-22,9,Product_19,2,6.731845455673524,13.463690911347047
2023-02-23,58,Product_4,9,34.941900918564926,314.4771082670843
2023-02-24,67,Product_20,1,54.818988046720335,54.818988046720335
2023-02-25,32,Product_15,7,67.76424433019208,474.3497103113446
2023-02-26,95,Product_5,1,39.453044067824734,39.453044067824734
2023-02-27,57,Product_14,5,54.78188375119732,273.9094187559866
2023-02-28,20,Product_14,9,53.252566786726064,479.27310108053456
2023-03-01,27,Product_10,9,38.18510376543697,343.6659338889327
2023-03-02,100,Product_3,6,79.8937647823109,479.3625886938654
2023-03-03,84,Product_15,9,47.23216132941759,425.0894519647583
2023-03-04,39,Product_10,2,91.7949752179517,183.5899504359034
2023-03-05,37,Product_5,4,18.044461959515967,72.17784783806387
2023-03-06,35,Product_8,5,32.665663516000535,163.32831758000268
2023-03-07,61,Product_17,4,76.902763661757,307.611054647028
2023-03-08,100,Product_3,5,6.763402348206785,33.81701174103392
2023-03-09,36,Product_5,5,29.60096909167572,148.00484545837858
2023-03-10,93,Product_5,9,32.22094071887987,289.9884664699189
2023-03-11,52,Product_3,5,69.09522999818797,345.47614999093986
2023-03-12,52,Product_12,4,49.72789795871137,198.91159183484547
2023-03-13,52,Product_11,2,93.43629534034741,186.87259068069483
2023-03-14,30,Product_15,7,87.61042473055352,613.2729731138746
2023-03-15,8,Product_20,6,33.78063687645265,202.68382125871588
2023-03-16,70,Product_17,9,33.780188987273206,304.02170088545887
2023-03-17,56,Product_20,4,35.49533029987688,141.98132119950753
2023-03-18,53,Product_5,4,13.386692957931045,53.54677183172418
2023-03-19,49,Product_15,9,63.653818573043324,572.8843671573899
2023-03-20,59,Product_16,6,51.95065943554964,311.7039566132978
2023-03-21,40,Product_16,5,86.05742243247201,430.28711216236
2023-03-22,78,Product_19,6,41.653949273646624,249.92369564187976
2023-03-23,76,Product_7,1,46.79289581771891,46.79289581771891
2023-03-24,70,Product_20,8,22.31267902635739,178.50143221085912
2023-03-25,79,Product_16,6,55.73736488144908,334.4241892886945
2023-03-26,71,Product_2,5,22.313021836073407,111.56510918036703
2023-03-27,8,Product_2,7,68.10925363682671,476.764775457787
2023-03-28,97,Product_3,3,90.33236664378988,270.99709993136963
2023-03-29,62,Product_10,4,24.766052026694016,99.06420810677606
2023-03-30,93,Product_18,3,38.69874182373194,116.09622547119582
2023-03-31,63,Product_5,9,75.14171892871157,676.2754703584042
2023-04-01,56,Product_17,5,36.63481531315871,183.17407656579354
2023-04-02,68,Product_20,5,76.14074706567433,380.70373532837164
2023-04-03,45,Product_14,3,44.326415132687586,132.97924539806274
2023-04-04,26,Product_17,4,61.9792558991595,247.917023596638
2023-04-05,100,Product_6,1,68.75924334901688,68.75924334901688
2023-04-06,76,Product_11,5,75.91618010984064,379.5809005492032
2023-04-07,66,Product_17,2,38.69477629391451,77.38955258782902
2023-04-08,47,Product_13,9,40.83232601364957,367.4909341228461
2023-04-09,89,Product_5,9,68.99546485819687,620.9591837237718
2023-04-10,33,Product_2,2,57.597710255700825,115.19542051140165
2023-04-11,11,Product_3,9,42.14651037843354,379.3185934059019
2023-04-12,97,Product_14,5,51.11927423112904,255.59637115564522
2023-04-13,12,Product_3,9,67.64310900719646,608.7879810647681
2023-04-14,64,Product_3,1,89.56318809909509,89.56318809909509
2023-04-15,7,Product_1,5,64.52361072995559,322.61805364977795
2023-04-16,54,Product_3,7,18.688652320822747,130.82056624575924
2023-04-17,85,Product_8,6,60.812429448329546,364.8745766899773
2023-04-18,52,Product_20,5,98.90913516932932,494.5456758466466
2023-04-19,91,Product_15,1,46.065488128015595,46.065488128015595
2023-04-20,3,Product_20,5,72.85590953295285,364.27954766476427
2023-04-21,91,Product_5,6,13.54530497926941,81.27182987561646
2023-04-22,87,Product_13,8,33.29072437903476,266.32579503227805
2023-04-23,78,Product_4,5,58.67334478416492,293.3667239208246
2023-04-24,69,Product_7,3,68.49961782450585,205.49885347351756
2023-04-25,47,Product_3,4,72.66786958112868,290.67147832451474
2023-04-26,72,Product_3,9,82.90893018446575,746.1803716601917
2023-04-27,70,Product_19,7,51.266954446542556,358.8686811257979
2023-04-28,58,Product_9,1,97.94218279457948,97.94218279457948
2023-04-29,54,Product_8,4,82.65957859364332,330.63831437457327
2023-04-30,40,Product_18,3,76.89689358536621,230.69068075609863
2023-05-01,10,Product_18,4,41.063264858511964,164.25305943404786
2023-05-02,79,Product_17,3,42.620578401097916,127.86173520329375
2023-05-03,98,Product_12,6,23.16573854721371,138.99443128328227
2023-05-04,38,Product_18,4,79.26706688116025,317.068267524641
2023-05-05,96,Product_16,1,66.63278837768556,66.63278837768556
2023-05-06,27,Product_4,8,48.15814150548139,385.2651320438511
2023-05-07,79,Product_3,2,39.884190914646815,79.76838182929363
2023-05-08,10,Product_13,4,80.70904210846825,322.836168433873
2023-05-09,4,Product_20,2,83.53438714469482,167.06877428938964
2023-05-10,28,Product_13,5,20.541695719328807,102.70847859664403
2023-05-11,64,Product_7,1,20.76485205098579,20.76485205098579
2023-05-12,89,Product_14,6,23.53160878162585,141.1896526897551
2023-05-13,76,Product_11,8,21.833821019312605,174.67056815450084
2023-05-14,40,Product_19,9,35.66654662264432,320.99891960379887
2023-05-15,25,Product_19,1,6.003667922128139,6.003667922128139
2023-05-16,87,Product_11,9,21.008027876639954,189.07225088975957
2023-05-17,66,Product_14,3,14.688267299945998,44.064801899837995
2023-05-18,15,Product_6,4,29.071683313830736,116.28673325532294
2023-05-19,26,Product_14,4,28.685676538898022,114.74270615559209
2023-05-20,85,Product_16,2,61.760111404555886,123.52022280911177
2023-05-21,100,Product_18,5,52.34342684237395,261.71713421186973
2023-05-22,30,Product_11,9,97.02412054326732,873.2170848894059
2023-05-23,65,Product_12,8,59.701396857941084,477.6111748635287
2023-05-24,29,Product_17,8,88.12195522538651,704.9756418030921
2023-05-25,45,Product_1,3,51.70418452671636,155.1125535801491
2023-05-26,6,Product_3,1,7.822331060389411,7.822331060389411
2023-05-27,12,Product_9,6,60.55966048984822,363.3579629390893
2023-05-28,15,Product_18,5,24.32963014843053,121.64815074215267
2023-05-29,63,Product_11,3,58.137808974152435,174.4134269224573
2023-05-30,63,Product_19,5,5.563570709192761,27.817853545963803
2023-05-31,95,Product_8,2,78.41608762997002,156.83217525994004
2023-06-01,38,Product_12,1,6.485596725272816,6.485596725272816
2023-06-02,81,Product_10,6,64.51240089616499,387.07440537698994
2023-06-03,40,Product_5,3,57.480236701117285,172.44071010335185
2023-06-04,50,Product_11,6,23.32427921425915,139.9456752855549
2023-06-05,84,Product_19,6,20.554550883241106,123.32730529944664
2023-06-06,71,Product_15,4,10.827360316501942,43.30944126600777
2023-06-07,43,Product_11,4,56.41282436826185,225.6512974730474
2023-06-08,91,Product_10,5,69.43740549518243,347.18702747591215
2023-06-09,73,Product_15,6,23.810076788504862,142.86046073102918
2023-06-10,56,Product_16,4,33.63192504228657,134.52770016914627
2023-06-11,42,Product_2,3,23.91287452844537,71.73862358533611
2023-06-12,90,Product_15,4,85.60282914097876,342.411316563915
2023-06-13,19,Product_19,9,76.58456867899952,689.2611181109957
2023-06-14,41,Product_12,2,91.30547585556619,182.61095171113237
2023-06-15,59,Product_16,5,85.22718568323816,426.13592841619084
2023-06-16,18,Product_2,6,70.77540734260307,424.65244405561845
2023-06-17,37,Product_16,6,75.90423307026042,455.4253984215625
2023-06-18,72,Product_10,7,77.00846085063054,539.0592259544138
2023-06-19,58,Product_9,5,84.679662523164,423.39831261582
2023-06-20,99,Product_18,5,51.725867691142106,258.6293384557105
2023-06-21,51,Product_15,1,83.3358339057203,83.3358339057203
2023-06-22,10,Product_14,4,89.36913728035866,357.47654912143463
2023-06-23,78,Product_14,8,82.63793565195382,661.1034852156306
2023-06-24,82,Product_5,9,42.21773950668347,379.95965556015125
2023-06-25,39,Product_19,3,84.26702218642231,252.80106655926693
2023-06-26,32,Product_16,5,56.98909343908859,284.945467195443
2023-06-27,74,Product_19,6,51.11793511965503,306.70761071793015
2023-06-28,14,Product_5,5,86.77564807559578,433.8782403779789
2023-06-29,8,Product_19,1,34.49546938153051,34.49546938153051
2023-06-30,40,Product_11,2,81.71653481279795,163.4330696255959
2023-07-01,32,Product_11,1,33.391617931771194,33.391617931771194
2023-07-02,80,Product_14,5,93.55011692637926,467.7505846318963
2023-07-03,70,Product_13,1,98.26080317764358,98.26080317764358
2023-07-04,41,Product_18,1,24.72818895977044,24.72818895977044
2023-07-05,84,Product_19,9,53.20526447416143,478.8473802674529
2023-07-06,25,Product_15,2,11.76342711711392,23.52685423422784
2023-07-07,15,Product_16,3,70.06888167160248,210.20664501480746
2023-07-08,24,Product_20,8,55.5982424473722,444.7859395789776
2023-07-09,36,Product_18,2,8.178559221023837,16.357118442047675
2023-07-10,22,Product_15,6,7.799712955074639,46.798277730447836
2023-07-11,90,Product_20,1,10.502043439820492,10.502043439820492
2023-07-12,65,Product_8,3,75.45544864117012,226.36634592351038
2023-07-13,48,Product_19,1,26.685698423220053,26.685698423220053
2023-07-14,85,Product_17,9,38.54943498578124,346.9449148720312
2023-07-15,67,Product_8,2,12.72686601475557,25.45373202951114
2023-07-16,47,Product_3,4,48.39532284110934,193.58129136443736
2023-07-17,75,Product_14,8,11.544089152167263,92.3527132173381
2023-07-18,17,Product_3,7,98.00639691420612,686.0447783994429
2023-07-19,63,Product_2,1,97.14760005131672,97.14760005131672
2023-07-20,95,Product_18,5,49.3957705841218,246.978852920609
2023-07-21,7,Product_13,2,43.65843139521537,87.31686279043075
2023-07-22,89,Product_19,1,50.92912601825315,50.92912601825315
2023-07-23,30,Product_4,5,75.04793725644598,375.23968628222985
2023-07-24,94,Product_9,8,44.55421323551392,356.43370588411136
2023-07-25,19,Product_20,6,71.92269096499193,431.53614578995155
2023-07-26,96,Product_4,1,51.36467093660882,51.36467093660882
2023-07-27,54,Product_6,7,45.73217541176795,320.1252278823756
2023-07-28,57,Product_7,8,9.747044736613962,77.9763578929117
2023-07-29,45,Product_3,2,7.707522846159714,15.415045692319428
2023-07-30,26,Product_7,4,67.05949930289775,268.237997211591
2023-07-31,84,Product_17,8,60.856871416828334,486.85497133462667
2023-08-01,91,Product_12,6,75.8637412885294,455.18244773117635
2023-08-02,12,Product_1,7,28.63736254786263,200.4615378350384
2023-08-03,8,Product_9,6,12.565581727070398,75.3934903624224
2023-08-04,22,Product_3,9,24.445842320502248,220.01258088452022
2023-08-05,59,Product_17,4,78.9653785655773,315.8615142623092
2023-08-06,26,Product_2,3,95.40405019567977,286.21215058703933
2023-08-07,29,Product_2,8,21.46494612978072,171.71956903824577
2023-08-08,93,Product_11,2,24.695903961242614,49.39180792248523
2023-08-09,33,Product_4,3,42.12586434749419,126.37759304248257
2023-08-10,97,Product_18,4,94.60290290818394,378.41161163273574
2023-08-11,5,Product_19,7,70.79101627131364,495.53711389919545
2023-08-12,81,Product_19,6,46.11194834591482,276.6716900754889
2023-08-13,10,Product_12,3,89.23920124766828,267.7176037430048
2023-08-14,6,Product_8,7,44.65627661141824,312.5939362799277
2023-08-15,44,Product_17,4,7.979966781245274,31.919867124981096
2023-08-16,32,Product_7,4,7.037786679647823,28.151146718591292
2023-08-17,85,Product_9,5,49.161339182167865,245.80669591083932
2023-08-18,58,Product_1,4,96.42777444270995,385.7110977708398
2023-08-19,30,Product_12,8,77.52887434222824,620.2309947378259
2023-08-20,2,Product_10,6,95.70511019071414,574.2306611442848
2023-08-21,99,Product_15,7,92.38042274697507,646.6629592288255
2023-08-22,100,Product_4,1,90.39483088624826,90.39483088624826
2023-08-23,51,Product_15,7,83.0078040804198,581.0546285629387
2023-08-24,37,Product_11,9,72.17821336746282,649.6039203071654
2023-08-25,38,Product_3,5,9.750197456855755,48.75098728427878
2023-08-26,75,Product_18,9,25.864018611688945,232.7761675052005
2023-08-27,49,Product_11,5,77.02383992335182,385.1191996167591
2023-08-28,9,Product_19,9,44.86873771738361,403.8186394564525
2023-08-29,13,Product_2,5,36.783406635744704,183.91703317872353
2023-08-30,36,Product_8,1,29.80155669929936,29.80155669929936
2023-08-31,37,Product_18,5,38.34103113064486,191.7051556532243
2023-09-01,58,Product_3,4,14.582858780440953,58.33143512176381
2023-09-02,41,Product_4,3,17.743792527894698,53.23137758368409
2023-09-03,39,Product_2,4,35.13161621732604,140.52646486930416
2023-09-04,67,Product_20,5,50.25581769332548,251.2790884666274
2023-09-05,56,Product_10,2,75.73495222910479,151.46990445820958
2023-09-06,12,Product_6,6,27.120111385138895,162.72066831083336
2023-09-07,52,Product_5,5,89.09331617370366,445.4665808685183
2023-09-08,73,Product_17,9,32.78602771406371,295.0742494265734
2023-09-09,2,Product_7,5,56.121245110422606,280.606225552113
2023-09-10,85,Product_14,8,40.67867520357973,325.42940162863783
2023-09-11,56,Product_15,4,33.85823784535359,135.43295138141437
2023-09-12,39,Product_9,7,47.599086054493924,333.1936023814575
2023-09-13,34,Product_14,4,70.40998443779318,281.63993775117274
2023-09-14,7,Product_14,7,55.81448260670603,390.7013782469422
2023-09-15,97,Product_8,8,58.01974262440695,464.1579409952556
2023-09-16,57,Product_12,7,70.23690732243864,491.6583512570705
2023-09-17,74,Product_1,6,81.38306452830183,488.298387169811
2023-09-18,13,Product_16,2,42.78707049476419,85.57414098952837
2023-09-19,56,Product_13,3,7.451660695035443,22.35498208510633
2023-09-20,80,Product_1,2,24.725561722692426,49.45112344538485
2023-09-21,47,Product_2,1,78.03825413052274,78.03825413052274
2023-09-22,29,Product_3,5,55.450446542817815,277.2522327140891
2023-09-23,80,Product_6,1,99.48707721285002,99.48707721285002
2023-09-24,36,Product_3,7,99.72196420288736,698.0537494202115
2023-09-25,94,Product_16,2,58.897579558066866,117.79515911613373
2023-09-26,50,Product_1,6,68.9563436425117,413.7380618550702
2023-09-27,1,Product_19,7,30.80483762951466,215.63386340660264
2023-09-28,10,Product_15,1,53.371012803584,53.371012803584
2023-09-29,99,Product_5,9,30.953376118261005,278.58038506434906
2023-09-30,34,Product_15,7,15.090329059550214,105.6323034168515
2023-10-01,29,Product_6,7,52.62352124972274,368.3646487480592
2023-10-02,37,Product_10,1,74.08888562936836,74.08888562936836
2023-10-03,42,Product_2,8,81.94212601940602,655.5370081552481
2023-10-04,92,Product_10,3,64.84534321651064,194.53602964953194
2023-10-05,3,Product_5,1,6.120090677144718,6.120090677144718
2023-10-06,5,Product_16,2,36.513333537032295,73.02666707406459
2023-10-07,1,Product_11,9,48.35520812291023,435.196873106192
2023-10-08,58,Product_4,9,22.690102035520496,204.21091831968448
2023-10-09,44,Product_17,2,46.124583075775796,92.24916615155159
2023-10-10,71,Product_1,8,57.463255375975876,459.706043007807
2023-10-11,23,Product_11,5,89.33096575445185,446.6548287722593
2023-10-12,5,Product_9,8,94.80515817594431,758.4412654075545
2023-10-13,12,Product_10,9,11.740390850866568,105.6635176577991
2023-10-14,87,Product_18,1,51.800443520476485,51.800443520476485
2023-10-15,90,Product_15,8,46.17158522224294,369.3726817779435
2023-10-16,75,Product_11,2,51.20511423445652,102.41022846891305
2023-10-17,29,Product_17,9,51.06980757245373,459.6282681520836
2023-10-18,54,Product_18,1,46.549303242773,46.549303242773
2023-10-19,32,Product_18,3,31.484876313476956,94.45462894043087
2023-10-20,81,Product_5,7,53.663486069100756,375.6444024837053
2023-10-21,82,Product_20,1,58.39188187897354,58.39188187897354
2023-10-22,42,Product_11,3,10.83283121559585,32.49849364678755
2023-10-23,32,Product_9,7,54.57250651263791,382.00754558846535
2023-10-24,39,Product_17,5,72.31147580404482,361.55737902022406
2023-10-25,100,Product_2,1,71.99429558428061,71.99429558428061
2023-10-26,73,Product_5,2,22.863564425421686,45.72712885084337
2023-10-27,14,Product_6,9,7.178245226262446,64.60420703636201
2023-10-28,82,Product_16,9,72.66466678278738,653.9820010450865
2023-10-29,68,Product_11,8,43.14366175888665,345.1492940710932
2023-10-30,40,Product_10,4,38.4363195532271,153.7452782129084
2023-10-31,28,Product_17,8,9.611619247484661,76.89295397987729
2023-11-01,49,Product_18,9,89.64546352674037,806.8091717406634
2023-11-02,29,Product_18,4,64.11642476556366,256.46569906225466
2023-11-03,72,Product_17,3,26.09362117042018,78.28086351126055
2023-11-04,25,Product_10,8,5.026816471801784,40.21453177441427
2023-11-05,16,Product_17,9,28.009957650799596,252.08961885719637
2023-11-06,57,Product_13,7,46.305961018318484,324.1417271282294
2023-11-07,40,Product_8,5,56.92695478529689,284.63477392648446
2023-11-08,91,Product_2,7,78.04846993942695,546.3392895759887
2023-11-09,21,Product_9,5,50.223140051230054,251.11570025615026
2023-11-10,46,Product_8,2,35.18711821048509,70.37423642097018
2023-11-11,41,Product_6,1,10.903327908359895,10.903327908359895
2023-11-12,34,Product_1,2,18.99374169236234,37.98748338472468
2023-11-13,54,Product_9,6,30.9442624576653,185.6655747459918
2023-11-14,89,Product_20,9,46.07402011581236,414.6661810423112
2023-11-15,12,Product_2,3,59.184551409250105,177.55365422775031
2023-11-16,49,Product_1,1,6.660851407972922,6.660851407972922
2023-11-17,99,Product_14,5,63.96436054226742,319.8218027113371
2023-11-18,63,Product_9,2,33.92226652147763,67.84453304295526
2023-11-19,90,Product_19,9,86.9605250868382,782.6447257815438
2023-11-20,89,Product_14,8,85.83737882915025,686.699030633202
2023-11-21,35,Product_15,2,76.83646933450197,153.67293866900394
2023-11-22,44,Product_2,9,78.57038354363614,707.1334518927252
2023-11-23,77,Product_12,6,64.00265154561828,384.01590927370967
2023-11-24,20,Product_6,9,99.27589093954182,893.4830184558764
2023-11-25,60,Product_11,5,33.25081535810686,166.25407679053433
2023-11-26,97,Product_12,6,55.52422474311367,333.145348458682
2023-11-27,32,Product_15,4,70.62221918743988,282.4888767497595
2023-11-28,9,Product_19,6,49.269093919192585,295.6145635151555
2023-11-29,23,Product_11,4,63.64172666648125,254.566906665925
2023-11-30,94,Product_6,5,28.640685639843383,143.20342819921692
2023-12-01,52,Product_3,2,76.49957535292346,152.99915070584692
2023-12-02,23,Product_3,1,86.83848119041406,86.83848119041406
2023-12-03,56,Product_19,2,99.27877285315803,198.55754570631606
2023-12-04,25,Product_13,9,54.87370431695888,493.8633388526299
2023-12-05,17,Product_9,6,7.290578762711735,43.743472576270406
2023-12-06,15,Product_14,6,57.10803512237863,342.6482107342718
2023-12-07,42,Product_4,3,72.97334163192849,218.92002489578547
2023-12-08,80,Product_5,2,19.49139403688681,38.98278807377362
2023-12-09,18,Product_19,7,93.44182828174175,654.0927979721922
2023-12-10,11,Product_11,7,82.04497096056802,574.3147967239762
2023-12-11,32,Product_19,2,47.667658358613934,95.33531671722787
2023-12-12,5,Product_14,2,56.60084055528746,113.20168111057492
2023-12-13,58,Product_10,6,47.410024776117254,284.4601486567035
2023-12-14,70,Product_12,7,47.95263120958476,335.6684184670933
2023-12-15,27,Product_16,4,34.01934759402532,136.07739037610128
2023-12-16,7,Product_12,9,47.14902611985903,424.3412350787313
2023-12-17,94,Product_14,4,26.439892184437102,105.75956873774841
2023-12-18,70,Product_1,5,35.0868282578312,175.434141289156
2023-12-19,14,Product_5,6,58.186783717883166,349.120702307299
2023-12-20,22,Product_16,2,75.50696294789267,151.01392589578535
2023-12-21,23,Product_15,3,24.37897555217784,73.13692665653352
2023-12-22,92,Product_16,2,11.95081264352498,23.90162528704996
2023-12-23,45,Product_9,9,89.57050056808303,806.1345051127473
2023-12-24,1,Product_15,1,77.10164242406688,77.10164242406688
2023-12-25,54,Product_1,2,55.10754184812434,110.21508369624868
2023-12-26,90,Product_2,9,80.43118641209344,723.880677708841
2023-12-27,15,Product_6,5,98.68564482798232,493.42822413991155
2023-12-28,100,Product_9,7,51.48359619345069,360.3851733541548
2023-12-29,20,Product_17,9,84.78902912988002,763.1012621689201
2023-12-30,1,Product_18,4,52.951453802831324,211.8058152113253
2023-12-31,74,Product_14,2,83.10508126376915,166.2101625275383
2024-01-01,60,Product_15,4,21.716280649859375,86.8651225994375
2024-01-02,68,Product_14,9,39.861431886362496,358.75288697726245
2024-01-03,35,Product_9,6,84.74498163155863,508.4698897893518
2024-01-04,34,Product_12,4,61.8349178394345,247.339671357738
2024-01-05,22,Product_9,1,52.342942456941586,52.342942456941586
2024-01-06,59,Product_9,3,33.51628750840325,100.54886252520976
2024-01-07,60,Product_4,3,62.44376845306361,187.33130535919082
2024-01-08,85,Product_7,6,78.34047086470163,470.0428251882098
2024-01-09,12,Product_10,6,23.13880999693894,138.83285998163365
2024-01-10,99,Product_7,9,33.76094505062448,303.8485054556203
2024-01-11,15,Product_5,5,66.4043747596511,332.0218737982555
2024-01-12,84,Product_16,3,93.44228772640037,280.3268631792011
2024-01-13,16,Product_10,8,72.89639047066169,583.1711237652935
2024-01-14,11,Product_9,7,31.57877125413431,221.05139877894015
2024-01-15,1,Product_17,5,68.80852613831698,344.0426306915849
2024-01-16,90,Product_13,2,40.47286448659261,80.94572897318523
2024-01-17,86,Product_7,6,63.92208545579323,383.5325127347594
2024-01-18,39,Product_18,8,33.81977210937097,270.5581768749678
2024-01-19,39,Product_14,8,61.795447131408764,494.3635770512701
2024-01-20,48,Product_8,7,70.58532078479372,494.09724549355604
2024-01-21,2,Product_3,9,58.71780760987875,528.4602684889087
2024-01-22,73,Product_8,7,76.97968606082945,538.8578024258062
2024-01-23,92,Product_2,5,66.96348707633673,334.81743538168365
2024-01-24,1,Product_15,5,66.23986085395563,331.19930426977817
2024-01-25,19,Product_5,6,74.36415282606895,446.18491695641364
2024-01-26,49,Product_13,7,44.1790507546999,309.2533552828993
2024-01-27,85,Product_1,3,58.08382829320735,174.25148487962204
2024-01-28,76,Product_15,3,45.303234896462946,135.90970468938883
2024-01-29,28,Product_14,7,89.91467122421831,629.4026985695282
2024-01-30,54,Product_8,9,39.62695275333077,356.64257477997694
2024-01-31,35,Product_5,7,68.05971397762681,476.4179978433877
2024-02-01,50,Product_5,9,16.668327902992687,150.0149511269342
2024-02-02,97,Product_4,9,47.37433809577131,426.36904286194175
2024-02-03,68,Product_7,7,42.854969301254336,299.98478510878033
2024-02-04,84,Product_4,6,33.970312409885864,203.82187445931518
2024-02-05,49,Product_14,6,63.41889673060752,380.51338038364514
2024-02-06,58,Product_10,8,84.01572879902689,672.1258303922151
2024-02-07,15,Product_3,1,79.09537873253434,79.09537873253434
2024-02-08,95,Product_10,3,35.66879157478509,107.00637472435527
2024-02-09,81,Product_9,8,83.70171811856606,669.6137449485285
2024-02-10,100,Product_2,2,92.2534955429366,184.5069910858732
2024-02-11,85,Product_19,1,39.09988268610593,39.09988268610593
2024-02-12,29,Product_7,3,29.54565086680357,88.63695260041071
2024-02-13,39,Product_5,9,37.20250782856728,334.8225704571055
2024-02-14,52,Product_13,4,50.516248586447915,202.06499434579166
2024-02-15,2,Product_2,9,43.0594117740649,387.53470596658406
2024-02-16,57,Product_20,6,54.867262571446474,329.20357542867885
2024-02-17,6,Product_9,1,60.78987953423567,60.78987953423567
2024-02-18,48,Product_15,3,89.49409784821952,268.48229354465855
2024-02-19,38,Product_19,5,41.38431641468937,206.92158207344687
2024-02-20,23,Product_17,7,64.35492561967096,450.48447933769677
2024-02-21,91,Product_8,2,56.16017549991648,112.32035099983295
2024-02-22,34,Product_6,2,83.45712149134405,166.9142429826881
2024-02-23,30,Product_18,7,35.16041168667452,246.12288180672164
2024-02-24,91,Product_10,1,61.48497802181043,61.48497802181043
2024-02-25,91,Product_14,3,24.804262145555345,74.41278643666604
2024-02-26,15,Product_11,4,62.292077691377905,249.16831076551162
2024-02-27,89,Product_16,8,70.02283459200507,560.1826767360405
2024-02-28,5,Product_14,4,23.872967251091758,95.49186900436703
2024-02-29,48,Product_18,2,77.17538713637951,154.35077427275903
2024-03-01,10,Product_7,4,62.87883638089921,251.51534552359684
2024-03-02,93,Product_8,9,60.692840192697666,546.235561734279
2024-03-03,3,Product_13,8,69.49367587258911,555.9494069807129
2024-03-04,92,Product_9,7,92.19674371892239,645.3772060324568
2024-03-05,46,Product_7,7,21.67709703707942,151.73967925955594
2024-03-06,56,Product_17,3,37.51836903500078,112.55510710500235
2024-03-07,95,Product_9,5,43.222932775726825,216.11466387863413
2024-03-08,96,Product_5,1,66.07689186980642,66.07689186980642
2024-03-09,64,Product_7,3,57.45022201813046,172.35066605439138
2024-03-10,90,Product_2,3,84.70464098680799,254.11392296042396
2024-03-11,48,Product_4,6,74.39570929004151,446.37425574024905
2024-03-12,97,Product_15,7,35.77695759050493,250.4387031335345
2024-03-13,98,Product_8,3,59.25612644030254,177.76837932090763
2024-03-14,89,Product_16,2,67.27581085043857,134.55162170087715
2024-03-15,95,Product_16,5,91.48124785341187,457.4062392670594
2024-03-16,79,Product_17,8,51.549119550652165,412.3929564052173
2024-03-17,83,Product_15,3,20.816128781875452,62.44838634562636
2024-03-18,100,Product_4,2,99.42450766513937,198.84901533027875
2024-03-19,60,Product_20,6,57.655287294405206,345.9317237664312
2024-03-20,78,Product_4,4,43.3263747870366,173.3054991481464
2024-03-21,87,Product_5,7,6.959471451854741,48.71630016298319
2024-03-22,85,Product_17,4,60.63318874623388,242.5327549849355
2024-03-23,36,Product_6,9,27.555125112398034,247.9961260115823
2024-03-24,29,Product_9,3,72.38146669877038,217.14440009631113
2024-03-25,42,Product_2,4,93.31756041021939,373.27024164087754
2024-03-26,8,Product_16,2,54.88966735755545,109.7793347151109
2024-03-27,6,Product_14,1,75.05826596823137,75.05826596823137
2024-03-28,22,Product_13,6,48.63343899509362,291.8006339705617
2024-03-29,62,Product_9,5,89.16997205357396,445.84986026786976
2024-03-30,6,Product_19,3,20.50478142820185,61.51434428460554
2024-03-31,9,Product_19,1,14.859653774273763,14.859653774273763
2024-04-01,23,Product_2,2,16.734363246342753,33.468726492685505
2024-04-02,3,Product_4,3,59.15769596138247,177.47308788414742
2024-04-03,41,Product_5,7,53.9725073401802,377.8075513812614
2024-04-04,47,Product_15,8,30.644790399038857,245.15832319231086
2024-04-05,69,Product_10,9,28.33072448114671,254.9765203303204
2024-04-06,94,Product_18,1,76.62510225247487,76.62510225247487
2024-04-07,81,Product_16,1,14.86535659932819,14.86535659932819
2024-04-08,59,Product_18,4,61.56794487189465,246.2717794875786
2024-04-09,11,Product_15,1,43.629269218187474,43.629269218187474
2024-04-10,85,Product_20,6,77.272820472451,463.636922834706
2024-04-11,38,Product_18,6,79.36518160456986,476.19108962741916
2024-04-12,65,Product_4,4,49.7160465476575,198.86418619063
2024-04-13,87,Product_5,7,75.24722524940188,526.7305767458131
2024-04-14,81,Product_4,6,29.722799413462305,178.33679648077384
2024-04-15,57,Product_15,1,21.996407766191,21.996407766191
2024-04-16,63,Product_1,7,84.47790281393075,591.3453196975153
2024-04-17,72,Product_20,8,32.324007976160715,258.5920638092857
2024-04-18,54,Product_18,4,25.893686051909512,103.57474420763805
2024-04-19,49,Product_18,6,66.73301105174708,400.3980663104825
2024-04-20,86,Product_15,6,51.12520474439915,306.7512284663949
2024-04-21,69,Product_8,1,34.8914488116657,34.8914488116657
2024-04-22,41,Product_16,5,60.94253564560692,304.7126782280346
2024-04-23,94,Product_20,9,47.7047048183607,429.34234336524634
2024-04-24,27,Product_16,7,84.03129639644854,588.2190747751398
2024-04-25,96,Product_15,5,42.60455052855694,213.02275264278472
2024-04-26,55,Product_10,3,9.606123321259666,28.818369963779
2024-04-27,57,Product_7,2,82.95078432088029,165.90156864176058
2024-04-28,42,Product_14,1,25.607784808823467,25.607784808823467
2024-04-29,100,Product_9,1,90.60807269659863,90.60807269659863
2024-04-30,1,Product_18,2,69.17962035500176,138.35924071000352
2024-05-01,23,Product_12,3,95.61167011210355,286.8350103363107
2024-05-02,71,Product_6,4,46.83631410539207,187.34525642156828
2024-05-03,41,Product_13,5,65.555073946358,327.77536973178997
2024-05-04,19,Product_11,6,34.12768603534715,204.76611621208292
2024-05-05,40,Product_6,7,65.18145293309558,456.2701705316691
2024-05-06,73,Product_15,4,26.189726785500174,104.7589071420007
2024-05-07,36,Product_1,3,88.13591515215558,264.4077454564667
2024-05-08,14,Product_2,4,92.41161677908303,369.64646711633213
2024-05-09,96,Product_7,7,57.63070409339868,403.41492865379075
2024-05-10,6,Product_9,6,15.786509907179477,94.71905944307686
2024-05-11,79,Product_1,9,70.86990459146007,637.8291413231407
2024-05-12,61,Product_15,3,62.42951352566714,187.2885405770014
2024-05-13,57,Product_13,7,41.459880034741495,290.21916024319046
2024-05-14,74,Product_16,7,68.11478913604975,476.80352395234826
2024-05-15,82,Product_16,9,60.66156716100277,545.954104449025
2024-05-16,23,Product_5,5,22.393533458627804,111.96766729313902
2024-05-17,76,Product_10,4,35.26801078242494,141.07204312969975
2024-05-18,20,Product_7,7,58.727598944472696,411.0931926113089
2024-05-19,38,Product_3,1,71.7616315995803,71.7616315995803
2024-05-20,90,Product_15,6,27.833500623999903,167.00100374399943
2024-05-21,48,Product_19,6,13.325203362739174,79.95122017643504
2024-05-22,80,Product_11,1,79.17895195814194,79.17895195814194
2024-05-23,52,Product_5,1,98.3533942420239,98.3533942420239
2024-05-24,14,Product_14,9,42.222614028433476,380.0035262559013
2024-05-25,32,Product_17,9,80.187269739113,721.6854276520171
2024-05-26,52,Product_20,8,28.260078947961443,226.08063158369154
2024-05-27,48,Product_12,8,73.73361721250585,589.8689377000468
2024-05-28,85,Product_8,2,46.557881914070464,93.11576382814093
2024-05-29,95,Product_17,9,61.51833006622433,553.664970596019
2024-05-30,92,Product_2,6,98.32194058476136,589.9316435085682
2024-05-31,52,Product_18,9,56.131045083487024,505.17940575138323
2024-06-01,68,Product_20,3,59.877631854806765,179.6328955644203
2024-06-02,85,Product_7,2,62.17583420151428,124.35166840302855
2024-06-03,46,Product_15,2,49.91424274138594,99.82848548277188
2024-06-04,76,Product_4,3,21.85609910556373,65.56829731669119
2024-06-05,26,Product_2,5,72.77136538178608,363.85682690893043
2024-06-06,33,Product_2,7,58.11821813630095,406.8275269541067
2024-06-07,2,Product_10,9,88.25110633608668,794.2599570247801
2024-06-08,16,Product_18,3,46.26786650912815,138.80359952738445
2024-06-09,40,Product_11,5,17.23158303735651,86.15791518678256
2024-06-10,14,Product_16,6,24.48604680677708,146.91628084066247
2024-06-11,20,Product_7,2,27.567767258343782,55.135534516687564
2024-06-12,23,Product_8,8,12.124609545305074,96.99687636244059
2024-06-13,71,Product_19,2,38.71451272228018,77.42902544456037
2024-06-14,100,Product_16,9,73.22762765214563,659.0486488693107
2024-06-15,35,Product_17,8,99.7911743978397,798.3293951827176
2024-06-16,90,Product_14,9,88.76749521084578,798.9074568976121
2024-06-17,5,Product_16,5,22.652095535569398,113.26047767784699
2024-06-18,6,Product_2,5,37.71495320608144,188.5747660304072
2024-06-19,48,Product_15,9,35.935459205649416,323.41913285084473
2024-06-20,66,Product_7,9,48.84770519162893,439.6293467246604
2024-06-21,74,Product_18,2,49.36228251915909,98.72456503831818
2024-06-22,55,Product_5,3,79.92249585480982,239.76748756442947
2024-06-23,39,Product_15,1,21.99104283537741,21.99104283537741
2024-06-24,32,Product_16,3,58.79086936687505,176.37260810062514
2024-06-25,7,Product_15,4,43.86868825256477,175.4747530102591
2024-06-26,66,Product_19,4,23.060064018244503,92.24025607297801
2024-06-27,76,Product_1,7,79.70156227338367,557.9109359136858
2024-06-28,51,Product_1,4,8.312074905369075,33.2482996214763
2024-06-29,54,Product_4,6,32.067248466463234,192.4034907987794
2024-06-30,44,Product_2,3,96.29184464016399,288.875533920492
2024-07-01,83,Product_19,2,19.81095151784458,39.62190303568916
2024-07-02,28,Product_1,4,10.799960175157121,43.199840700628485
2024-07-03,34,Product_20,4,67.45042772266105,269.8017108906442
2024-07-04,52,Product_6,3,11.501236652867213,34.50370995860164
2024-07-05,67,Product_7,5,22.74615374614862,113.73076873074311
2024-07-06,90,Product_11,9,35.458656723980596,319.12791051582536
2024-07-07,67,Product_18,5,94.87444387477586,474.3722193738793
2024-07-08,61,Product_3,8,61.78615451188883,494.28923609511065
2024-07-09,76,Product_6,8,93.17009567103743,745.3607653682994
2024-07-10,22,Product_1,1,5.578751589433902,5.578751589433902
2024-07-11,45,Product_8,4,25.574993912428557,102.29997564971423
2024-07-12,59,Product_9,7,41.303213435926665,289.1224940514867
2024-07-13,85,Product_13,9,49.23197463761135,443.08777173850217
2024-07-14,74,Product_8,6,65.49257933237615,392.9554759942569
2024-07-15,66,Product_18,4,10.258411063622065,41.03364425448826
2024-07-16,37,Product_6,6,73.06508413889365,438.3905048333619
2024-07-17,12,Product_3,9,11.044365189769115,99.39928670792203
2024-07-18,33,Product_11,4,34.790821180677675,139.1632847227107
2024-07-19,54,Product_17,5,19.60316215517355,98.01581077586775
2024-07-20,55,Product_5,4,33.91498122577771,135.65992490311083
2024-07-21,66,Product_20,4,54.17087110537438,216.68348442149752
2024-07-22,83,Product_13,2,40.614696117873535,81.22939223574707
2024-07-23,70,Product_12,6,97.7528368343001,586.5170210058006
2024-07-24,89,Product_7,7,14.751672742859027,103.26170920001319
2024-07-25,56,Product_8,3,19.3581702556501,58.074510766950304
2024-07-26,92,Product_15,5,8.687233458825837,43.436167294129184
2024-07-27,22,Product_9,6,57.98281879128746,347.89691274772474
2024-07-28,68,Product_19,2,10.046175190539392,20.092350381078784
2024-07-29,7,Product_17,9,22.29764472430201,200.6788025187181
2024-07-30,33,Product_6,5,81.78053168661508,408.9026584330754
2024-07-31,77,Product_18,4,78.99378474482084,315.9751389792834
2024-08-01,90,Product_1,5,13.404138300726455,67.02069150363228
2024-08-02,19,Product_5,9,60.86925667259692,547.8233100533723
2024-08-03,49,Product_2,2,12.374027856995363,24.748055713990727
2024-08-04,9,Product_13,8,92.41030245599545,739.2824196479636
2024-08-05,3,Product_18,7,16.540394843083973,115.78276390158781
2024-08-06,50,Product_11,6,61.7071690928194,370.24301455691636
2024-08-07,51,Product_3,1,23.607847931019506,23.607847931019506
2024-08-08,69,Product_14,3,51.408528205971145,154.22558461791343
2024-08-09,46,Product_1,2,40.61936569865973,81.23873139731946
2024-08-10,81,Product_15,6,47.183867075942786,283.10320245565674
2024-08-11,79,Product_20,7,30.025913979993398,210.1813978599538
2024-08-12,16,Product_9,7,80.23640375843841,561.6548263090689
2024-08-13,37,Product_2,5,70.39229062378791,351.9614531189396
2024-08-14,53,Product_7,3,12.327073236534185,36.981219709602556
2024-08-15,58,Product_3,4,77.76096670372735,311.0438668149094
2024-08-16,6,Product_19,4,65.14038636979237,260.56154547916947
2024-08-17,84,Product_14,2,99.99981279374006,199.99962558748012
2024-08-18,75,Product_11,5,64.06870086616479,320.343504330824
2024-08-19,77,Product_18,9,61.06435496508323,549.5791946857491
2024-08-20,36,Product_18,1,70.17688144882838,70.17688144882838
2024-08-21,25,Product_13,9,29.571586329630662,266.144276966676
2024-08-22,91,Product_5,5,51.61791897398807,258.08959486994036
2024-08-23,9,Product_1,4,60.219214337104404,240.87685734841762
2024-08-24,21,Product_18,7,94.74977594691747,663.2484316284223
2024-08-25,30,Product_6,7,7.38247365001337,51.677315550093596
2024-08-26,19,Product_14,4,11.476486235659852,45.90594494263941
2024-08-27,67,Product_11,5,52.36103860729226,261.8051930364613
2024-08-28,35,Product_12,7,32.46882786670368,227.28179506692572
2024-08-29,10,Product_6,4,12.144911847131452,48.57964738852581
2024-08-30,86,Product_3,4,96.13394661119507,384.5357864447803
2024-08-31,66,Product_13,6,13.151042765413889,78.90625659248333
2024-09-01,47,Product_13,6,55.575859774087846,333.45515864452705
2024-09-02,7,Product_19,3,13.289628942391143,39.86888682717343
2024-09-03,1,Product_3,4,42.581954109453285,170.32781643781314
2024-09-04,22,Product_12,2,33.54776324647598,67.09552649295196
2024-09-05,6,Product_6,2,53.46933959853512,106.93867919707024
2024-09-06,32,Product_9,5,56.159728880479676,280.7986444023984
2024-09-07,84,Product_20,8,86.11604104671233,688.9283283736986
2024-09-08,75,Product_10,5,90.82021240540546,454.1010620270273
2024-09-09,60,Product_20,8,67.72908482846432,541.8326786277146
2024-09-10,9,Product_3,1,60.340643062133324,60.340643062133324
2024-09-11,49,Product_7,4,32.73815079269552,130.95260317078208
2024-09-12,63,Product_9,2,47.24937840650255,94.4987568130051
2024-09-13,35,Product_7,8,43.42628458814627,347.41027670517013
2024-09-14,96,Product_14,3,34.07224304716478,102.21672914149434
2024-09-15,53,Product_1,1,69.84299397004825,69.84299397004825
2024-09-16,27,Product_7,3,78.86471279984855,236.59413839954564
2024-09-17,79,Product_15,9,31.60253128594163,284.42278157347465
2024-09-18,88,Product_3,9,56.61146513023479,509.50318617211315
2024-09-19,39,Product_16,4,38.78261854972875,155.130474198915
2024-09-20,73,Product_3,6,19.062729704212224,114.37637822527334
2024-09-21,7,Product_9,4,98.45911000494748,393.8364400197899
2024-09-22,21,Product_14,4,31.580968590121746,126.32387436048698
2024-09-23,60,Product_8,3,30.581844664616664,91.74553399384999
2024-09-24,30,Product_6,6,59.69370826432767,358.16224958596604
2024-09-25,16,Product_9,8,99.69793754661711,797.5835003729369
2024-09-26,48,Product_14,7,6.793237310461766,47.552661173232366
